Year,Tms,#P,PAge,R/G,ERA,G,GF,CG,SHO,tSho,SV,IP,H,R,ER,HR,BB,IBB,SO,HBP,BK,WMP,BF,ERA+,WHIP,BAbip,H9,HR9,BB9,SO9,SO/W,E
2021,30,681,28.9,4.43,4.13,2102,0.99,0.01,0.01,0.06,0.24,8.76,7.9,4.43,4.02,1.17,3.28,0.13,8.92,0.43,0.03,0.4,37.24,,1.276,0.289,8.1,1.2,3.4,9.2,2.72,0.58
2020,30,735,28.3,4.65,4.44,1796,0.98,0.02,0.01,0.06,0.23,8.61,8.04,4.65,4.25,1.28,3.39,0.11,8.68,0.46,0.04,0.38,37.03,,1.327,0.292,8.4,1.3,3.5,9.1,2.56,0.58
2019,30,831,28.4,4.83,4.49,4858,0.99,0.01,0.01,0.06,0.24,8.94,8.65,4.83,4.46,1.39,3.27,0.16,8.81,0.41,0.03,0.37,38.39,,1.334,0.298,8.7,1.4,3.3,8.9,2.69,0.6
2018,30,799,28.4,4.45,4.14,4862,0.99,0.01,0,0.06,0.26,8.94,8.44,4.45,4.12,1.15,3.23,0.19,8.48,0.4,0.03,0.38,38.08,,1.304,0.295,8.5,1.2,3.2,8.5,2.63,0.57
2017,30,755,28.5,4.65,4.35,4860,0.99,0.01,0.01,0.05,0.24,8.9,8.69,4.65,4.3,1.26,3.26,0.2,8.25,0.36,0.03,0.37,38.13,,1.342,0.3,8.8,1.3,3.3,8.3,2.53,0.58
2016,30,742,28.3,4.48,4.18,4856,0.98,0.02,0.01,0.06,0.26,8.92,8.71,4.48,4.14,1.16,3.11,0.19,8.03,0.34,0.03,0.37,38.01,,1.325,0.3,8.8,1.2,3.1,8.1,2.58,0.58
2015,30,735,28.4,4.25,3.95,4858,0.98,0.02,0.01,0.07,0.27,8.94,8.67,4.25,3.93,1.01,2.9,0.2,7.71,0.33,0.03,0.36,37.8,,1.294,0.299,8.7,1,2.9,7.8,2.66,0.58
2014,30,692,28.5,4.07,3.74,4860,0.98,0.02,0.01,0.07,0.26,8.97,8.56,4.07,3.73,0.86,2.88,0.2,7.7,0.34,0.03,0.35,37.85,,1.275,0.298,8.6,0.9,2.9,7.7,2.67,0.6
2013,30,679,28.4,4.17,3.86,4862,0.97,0.03,0.01,0.07,0.26,8.98,8.66,4.17,3.85,0.96,3.01,0.21,7.55,0.32,0.03,0.36,38.02,,1.3,0.297,8.7,1,3,7.6,2.51,0.56
2012,30,662,28.4,4.32,4.01,4860,0.97,0.03,0.01,0.06,0.26,8.92,8.65,4.32,3.97,1.02,3.03,0.22,7.5,0.31,0.03,0.32,37.9,,1.309,0.297,8.7,1,3.1,7.6,2.48,0.62
2011,30,662,28.3,4.28,3.94,4858,0.96,0.04,0.02,0.07,0.26,8.96,8.7,4.28,3.92,0.94,3.09,0.25,7.1,0.32,0.03,0.32,38.13,,1.316,0.295,8.7,0.9,3.1,7.1,2.3,0.63
2010,30,635,28.4,4.38,4.07,4860,0.97,0.03,0.01,0.07,0.25,8.91,8.76,4.38,4.03,0.95,3.25,0.25,7.06,0.32,0.04,0.34,38.18,,1.347,0.297,8.8,1,3.3,7.1,2.17,0.62
2009,30,664,28.4,4.61,4.31,4860,0.97,0.03,0.01,0.06,0.25,8.9,8.96,4.61,4.27,1.04,3.42,0.24,6.91,0.33,0.03,0.33,38.49,,1.39,0.299,9.1,1,3.5,7,2.02,0.59
2008,30,651,28.6,4.65,4.32,4856,0.97,0.03,0.01,0.06,0.24,8.93,9.06,4.65,4.28,1,3.36,0.27,6.77,0.34,0.03,0.32,38.64,,1.391,0.3,9.1,1,3.4,6.8,2.01,0.61
2007,30,666,28.7,4.8,4.46,4862,0.98,0.02,0.01,0.05,0.25,8.93,9.25,4.8,4.43,1.02,3.31,0.27,6.62,0.36,0.03,0.31,38.8,,1.406,0.302,9.3,1,3.3,6.7,2,0.61
2006,30,635,28.8,4.86,4.52,4858,0.97,0.03,0.01,0.05,0.25,8.9,9.28,4.86,4.47,1.11,3.26,0.29,6.52,0.37,0.03,0.31,38.71,,1.408,0.301,9.4,1.1,3.3,6.6,2,0.63
2005,30,606,29.2,4.59,4.28,4862,0.96,0.04,0.01,0.05,0.26,8.89,9.05,4.59,4.23,1.03,3.13,0.25,6.3,0.37,0.03,0.3,38.32,,1.369,0.295,9.2,1,3.2,6.4,2.02,0.63
2004,30,632,29.1,4.81,4.46,4856,0.97,0.03,0.01,0.05,0.25,8.94,9.17,4.81,4.42,1.12,3.34,0.28,6.55,0.38,0.03,0.3,38.83,,1.4,0.297,9.2,1.1,3.4,6.6,1.96,0.65
2003,30,612,28.7,4.73,4.39,4860,0.96,0.04,0.01,0.05,0.25,8.92,9.07,4.73,4.35,1.07,3.27,0.27,6.34,0.38,0.03,0.32,38.57,,1.383,0.294,9.1,1.1,3.3,6.4,1.94,0.65
2002,30,609,28.8,4.62,4.27,4852,0.96,0.04,0.02,0.06,0.25,8.92,8.92,4.62,4.23,1.04,3.35,0.3,6.47,0.36,0.03,0.31,38.46,,1.376,0.293,9,1.1,3.4,6.5,1.93,0.66
2001,30,591,28.7,4.78,4.41,4858,0.96,0.04,0.02,0.05,0.25,8.91,9.03,4.78,4.37,1.12,3.25,0.28,6.67,0.39,0.03,0.31,38.49,,1.379,0.296,9.1,1.1,3.3,6.7,2.05,0.69
2000,30,606,28.8,5.14,4.76,4858,0.95,0.05,0.01,0.04,0.24,8.9,9.31,5.14,4.71,1.17,3.75,0.25,6.45,0.32,0.03,0.31,39.16,,1.468,0.3,9.4,1.2,3.8,6.5,1.72,0.71
1999,30,585,28.8,5.08,4.7,4856,0.95,0.05,0.01,0.04,0.25,8.9,9.33,5.08,4.64,1.14,3.68,0.23,6.41,0.33,0.04,0.34,39.06,,1.463,0.302,9.4,1.2,3.7,6.5,1.74,0.72
1998,30,557,28.8,4.79,4.42,4864,0.94,0.06,0.02,0.05,0.26,8.93,9.15,4.79,4.39,1.04,3.38,0.22,6.56,0.33,0.04,0.33,38.71,,1.403,0.299,9.2,1,3.4,6.6,1.94,0.71
1997,28,534,28.5,4.77,4.38,4532,0.94,0.06,0.02,0.05,0.25,8.93,9.15,4.77,4.35,1.02,3.46,0.26,6.61,0.32,0.04,0.33,38.73,,1.412,0.301,9.2,1,3.5,6.7,1.91,0.71
1996,28,538,28.4,5.04,4.6,4534,0.94,0.06,0.02,0.04,0.25,8.95,9.33,5.04,4.57,1.09,3.55,0.3,6.46,0.31,0.04,0.34,39.1,,1.44,0.301,9.4,1.1,3.6,6.5,1.82,0.74
1995,28,552,28.3,4.85,4.45,4034,0.93,0.07,0.02,0.05,0.25,8.93,9.17,4.85,4.41,1.01,3.53,0.27,6.3,0.3,0.05,0.35,38.85,,1.421,0.298,9.2,1,3.6,6.4,1.79,0.72
1994,28,470,28.6,4.92,4.5,3200,0.92,0.08,0.02,0.04,0.24,8.93,9.29,4.92,4.47,1.03,3.48,0.32,6.18,0.27,0.05,0.36,38.9,,1.43,0.3,9.4,1,3.5,6.2,1.78,0.74
1993,28,507,28.5,4.6,4.18,4538,0.92,0.08,0.02,0.05,0.26,8.93,9.05,4.6,4.15,0.89,3.33,0.33,5.8,0.26,0.07,0.32,38.47,,1.387,0.294,9.1,0.9,3.4,5.8,1.74,0.77
1992,26,441,28.6,4.12,3.74,4212,0.9,0.1,0.03,0.07,0.26,8.98,8.68,4.12,3.73,0.72,3.25,0.31,5.59,0.23,0.05,0.31,38.12,,1.328,0.285,8.7,0.7,3.3,5.6,1.72,0.73
1991,26,475,28.3,4.31,3.91,4208,0.91,0.09,0.03,0.06,0.27,8.98,8.69,4.31,3.89,0.8,3.32,0.29,5.8,0.22,0.06,0.33,38.2,,1.338,0.285,8.7,0.8,3.3,5.8,1.74,0.74
1990,26,483,28.4,4.26,3.85,4210,0.9,0.1,0.03,0.06,0.26,8.92,8.75,4.26,3.82,0.79,3.29,0.33,5.67,0.2,0.07,0.32,38.08,,1.349,0.287,8.8,0.8,3.3,5.7,1.72,0.76
1989,26,449,28.6,4.13,3.7,4212,0.89,0.11,0.04,0.07,0.25,8.95,8.62,4.13,3.68,0.73,3.21,0.34,5.61,0.19,0.1,0.31,37.99,,1.321,0.283,8.7,0.7,3.2,5.6,1.75,0.8
1988,26,438,28.5,4.14,3.72,4200,0.85,0.15,0.04,0.07,0.25,8.97,8.63,4.14,3.71,0.76,3.09,0.33,5.56,0.22,0.22,0.3,37.95,,1.307,0.282,8.7,0.8,3.1,5.6,1.8,0.77
1987,26,426,28.4,4.72,4.28,4210,0.87,0.13,0.03,0.05,0.23,8.93,9,4.72,4.25,1.06,3.42,0.31,5.96,0.2,0.08,0.32,38.46,,1.391,0.289,9.1,1.1,3.4,6,1.74,0.78
1986,26,416,28.3,4.41,3.96,4206,0.86,0.14,0.03,0.06,0.24,8.96,8.77,4.41,3.94,0.91,3.38,0.31,5.87,0.19,0.07,0.31,38.24,,1.357,0.286,8.8,0.9,3.4,5.9,1.74,0.82
1985,26,413,28.3,4.33,3.89,4206,0.85,0.15,0.04,0.06,0.23,8.95,8.74,4.33,3.87,0.86,3.29,0.32,5.34,0.17,0.05,0.27,38.12,,1.344,0.281,8.8,0.9,3.3,5.4,1.62,0.81
1984,26,393,28.3,4.26,3.81,4210,0.85,0.15,0.04,0.06,0.24,8.96,8.88,4.26,3.79,0.77,3.16,0.3,5.34,0.16,0.07,0.27,38.14,,1.345,0.286,8.9,0.8,3.2,5.4,1.69,0.84
1983,26,390,28.5,4.31,3.86,4218,0.82,0.18,0.04,0.06,0.23,8.95,8.88,4.31,3.84,0.78,3.2,0.33,5.15,0.17,0.06,0.26,38.08,,1.35,0.285,8.9,0.8,3.2,5.2,1.61,0.83
1982,26,376,28.5,4.3,3.85,4214,0.83,0.17,0.04,0.06,0.22,8.99,8.93,4.3,3.85,0.8,3.16,0.31,5.04,0.16,0.06,0.26,38.23,,1.345,0.284,8.9,0.8,3.2,5,1.6,0.82
1981,26,360,28.3,4,3.58,2788,0.82,0.18,0.05,0.08,0.22,9,8.66,4,3.58,0.64,3.18,0.32,4.75,0.17,0.06,0.26,37.98,,1.316,0.279,8.7,0.6,3.2,4.7,1.49,0.83
1980,26,379,28,4.29,3.83,4210,0.8,0.2,0.04,0.06,0.21,8.99,9.06,4.29,3.83,0.73,3.13,0.34,4.8,0.16,0.06,0.24,38.29,,1.356,0.287,9.1,0.7,3.1,4.8,1.53,0.86
1979,26,390,27.8,4.46,3.99,4196,0.78,0.22,0.04,0.06,0.2,8.93,9.04,4.46,3.96,0.82,3.24,0.33,4.77,0.18,0.04,0.27,38.22,,1.374,0.286,9.1,0.8,3.3,4.8,1.47,0.87
1978,26,369,27.6,4.1,3.68,4204,0.75,0.25,0.06,0.07,0.19,8.92,8.68,4.1,3.64,0.7,3.23,0.32,4.77,0.18,0.06,0.25,37.87,,1.335,0.28,8.8,0.7,3.3,4.8,1.48,0.86
1977,26,371,27.4,4.47,3.99,4206,0.78,0.22,0.04,0.06,0.2,8.97,9.04,4.47,3.98,0.87,3.27,0.31,5.16,0.19,0.06,0.28,38.41,,1.372,0.287,9.1,0.9,3.3,5.2,1.58,0.88
1976,24,325,27.5,3.99,3.51,3878,0.73,0.27,0.07,0.08,0.18,9.01,8.66,3.99,3.51,0.58,3.2,0.3,4.83,0.18,0.05,0.27,38.06,,1.317,0.281,8.7,0.6,3.2,4.8,1.51,0.89
1975,24,339,27.6,4.21,3.7,3868,0.73,0.27,0.06,0.07,0.17,8.98,8.75,4.21,3.69,0.7,3.46,0.35,4.98,0.2,0.05,0.3,38.42,,1.361,0.282,8.8,0.7,3.5,5,1.44,0.96
1974,24,344,27.6,4.12,3.62,3890,0.72,0.28,0.06,0.07,0.13,8.98,8.73,4.12,3.61,0.68,3.33,0.35,5.01,0.2,0.05,0.28,38.27,,1.343,0.282,8.7,0.7,3.3,5,1.5,0.92
1973,24,330,27.5,4.21,3.74,3886,0.73,0.27,0.06,0.08,0.21,8.98,8.75,4.21,3.73,0.8,3.37,0.35,5.24,0.19,0.02,0.31,38.29,,1.351,0.281,8.8,0.8,3.4,5.3,1.55,0.89
1972,24,339,27.2,3.69,3.26,3718,0.73,0.27,0.08,0.1,0.2,9,8.19,3.69,3.26,0.68,3.15,0.37,5.57,0.2,0.02,0.29,37.64,,1.26,0.272,8.2,0.7,3.2,5.6,1.77,0.85
1971,24,343,27.1,3.89,3.46,3876,0.72,0.28,0.07,0.08,0.18,8.97,8.4,3.89,3.45,0.74,3.23,0.36,5.41,0.21,0.03,0.29,37.85,,1.297,0.276,8.4,0.7,3.2,5.4,1.67,0.81
1970,24,363,27.1,4.34,3.88,3888,0.78,0.22,0.05,0.06,0.23,8.97,8.63,4.34,3.86,0.88,3.53,0.38,5.75,0.21,0.03,0.32,38.41,,1.356,0.281,8.7,0.9,3.5,5.8,1.63,0.86
1969,24,360,27.1,4.07,3.61,3892,0.75,0.25,0.06,0.08,0.19,8.96,8.37,4.07,3.59,0.8,3.45,0.37,5.77,0.23,0.03,0.33,38.08,,1.319,0.276,8.4,0.8,3.5,5.8,1.67,0.88
1968,20,287,27.2,3.42,2.98,3250,0.72,0.28,0.09,0.1,0.18,8.99,7.91,3.42,2.98,0.61,2.82,0.38,5.89,0.24,0.03,0.31,37.18,,1.193,0.269,7.9,0.6,2.8,5.9,2.09,0.85
1967,20,315,27.2,3.77,3.3,3240,0.76,0.24,0.07,0.08,0.2,9.01,8.17,3.77,3.31,0.71,2.98,0.4,5.99,0.23,0.03,0.3,37.61,,1.238,0.274,8.2,0.7,3,6,2.01,0.84
1966,20,310,27.4,3.99,3.52,3230,0.77,0.23,0.06,0.08,0.21,8.99,8.42,3.99,3.52,0.85,2.89,0.34,5.82,0.21,0.03,0.32,37.67,,1.258,0.276,8.4,0.8,2.9,5.8,2.02,0.89
1965,20,299,27.7,3.99,3.5,3246,0.77,0.23,0.06,0.07,0.21,8.99,8.3,3.99,3.5,0.83,3.09,0.35,5.94,0.22,0.02,0.32,37.82,,1.267,0.274,8.3,0.8,3.1,5.9,1.92,0.88
1964,20,311,27.7,4.04,3.58,3252,0.75,0.25,0.07,0.08,0.21,8.96,8.51,4.04,3.56,0.85,2.96,0.31,5.91,0.21,0.02,0.3,37.82,,1.28,0.279,8.5,0.9,3,5.9,2,0.88
1963,20,299,28,3.95,3.46,3238,0.73,0.27,0.07,0.08,0.18,8.99,8.35,3.95,3.45,0.84,2.96,0.29,5.8,0.22,0.06,0.28,37.79,,1.259,0.273,8.4,0.8,3,5.8,1.96,0.9
1962,20,304,27.7,4.46,3.96,3242,0.74,0.26,0.05,0.06,0.19,8.95,8.8,4.46,3.93,0.93,3.37,0.25,5.42,0.22,0.03,0.29,38.42,,1.36,0.281,8.8,0.9,3.4,5.5,1.61,0.9
1961,18,254,27.6,4.53,4.03,2860,0.74,0.26,0.05,0.06,0.18,8.9,8.76,4.53,3.98,0.95,3.46,0.26,5.23,0.2,0.02,0.27,38.31,,1.374,0.279,8.9,1,3.5,5.3,1.51,0.93
1960,16,238,27.6,4.31,3.82,2472,0.73,0.27,0.06,0.06,0.17,8.98,8.67,4.31,3.81,0.86,3.39,0.3,5.18,0.2,0.02,0.24,38.34,,1.343,0.277,8.7,0.9,3.4,5.2,1.53,0.88
1959,16,243,27.9,4.38,3.9,2476,0.7,0.3,0.06,0.07,0.16,8.93,8.74,4.38,3.87,0.91,3.31,0.29,5.09,0.2,0.02,0.22,38.26,,1.349,0.275,8.8,0.9,3.3,5.1,1.54,0.9
1958,16,250,28,4.28,3.86,2470,0.7,0.3,0.05,0.06,0.17,8.93,8.75,4.28,3.83,0.91,3.29,0.28,4.95,0.2,0.03,0.21,38.12,,1.349,0.277,8.8,0.9,3.3,5,1.5,0.84
1957,16,249,28,4.31,3.83,2470,0.71,0.29,0.06,0.06,0.16,9.05,8.85,4.31,3.85,0.89,3.31,0.3,4.84,0.21,0.02,0.19,38.62,,1.344,0.275,8.8,0.9,3.3,4.8,1.46,0.86
1956,16,241,28.5,4.45,3.96,2478,0.69,0.31,0.05,0.06,0.15,8.92,8.74,4.45,3.93,0.93,3.63,0.32,4.64,0.19,0.02,0.2,38.43,,1.387,0.274,8.8,0.9,3.7,4.7,1.28,0.91
1955,16,258,28.2,4.49,4,2468,0.7,0.3,0.06,0.07,0.15,8.92,8.76,4.49,3.96,0.9,3.67,0.3,4.39,0.21,0.01,0.19,38.5,,1.393,0.272,8.8,0.9,3.7,4.4,1.2,0.9
1954,16,225,28.5,4.38,3.9,2472,0.66,0.34,0.07,0.07,0.14,8.95,8.86,4.38,3.88,0.78,3.65,0.31,4.13,0.18,0.02,0.16,38.65,,1.398,0.275,8.9,0.8,3.7,4.2,1.13,0.92
1953,16,218,29.2,4.61,4.14,2480,0.65,0.35,0.06,0.07,0.14,8.88,9.06,4.61,4.09,0.84,3.5,0.23,4.12,0.2,0.02,0.19,38.48,,1.414,0.28,9.2,0.8,3.5,4.2,1.18,0.91
1952,16,236,29.2,4.18,3.7,2478,0.62,0.38,0.07,0.08,0.12,8.96,8.58,4.18,3.69,0.69,3.55,0.28,4.19,0.19,0.02,0.16,38.26,,1.353,0.271,8.6,0.7,3.6,4.2,1.18,0.92
1951,16,220,28.9,4.55,4.04,2478,0.62,0.38,0.07,0.07,0.11,8.96,8.96,4.55,4.02,0.75,3.74,0.21,3.77,0.18,0.03,0.18,38.74,,1.416,0.275,9,0.8,3.8,3.8,1.01,0.97
1950,16,231,28.5,4.85,4.36,2476,0.6,0.4,0.06,0.06,0.12,8.87,9.11,4.85,4.3,0.84,4.02,0.22,3.86,0.18,0.05,0.17,38.92,,1.48,0.28,9.2,0.8,4.1,3.9,0.96,0.95
1949,16,214,28.7,4.61,4.12,2480,0.61,0.39,0.07,0.07,0.1,8.89,8.93,4.61,4.07,0.69,4.04,0.21,3.61,0.15,0.02,0.18,38.65,,1.459,0.277,9,0.7,4.1,3.7,0.89,0.92
1948,28,341,28.6,4.62,4.08,2884,0.61,0.39,0.06,0.06,0.12,8.81,8.95,4.62,4,0.58,3.8,0.24,3.84,0.15,0.02,0.17,38.44,,1.446,0.327,9.1,0.6,3.9,3.9,1.01,1.07
1947,28,353,29.3,4.47,3.92,2944,0.59,0.41,0.07,0.07,0.11,8.81,8.87,4.47,3.84,0.58,3.64,0.31,3.84,0.15,0.02,0.16,38.12,,1.42,0.329,9.1,0.6,3.7,3.9,1.06,1.02
1946,28,397,29.6,4.17,3.56,2917,0.49,0.43,0.07,0.08,0.09,8.85,8.71,4.17,3.5,0.42,3.46,0.26,3.98,0.13,0.01,0.13,32.56,,1.374,0.277,8.9,0.4,3.5,4,1.15,0.88
1945,28,358,29.8,4.28,3.65,2858,0.52,0.48,0.07,0.08,0.08,8.89,8.94,4.28,3.6,0.39,3.31,0.28,3.48,0.15,0.02,0.14,38.4,,1.378,0.324,9.1,0.4,3.4,3.5,1.05,1.19
1944,28,337,29.6,4.23,3.56,2844,0.48,0.46,0.07,0.07,0.08,8.94,8.98,4.23,3.54,0.36,3.12,0.26,3.36,0.14,0.02,0.15,33.64,,1.353,0.278,9,0.4,3.1,3.4,1.08,0.98
1943,29,336,29.6,4.11,3.51,2992,0.46,0.46,0.08,0.08,0.09,8.95,8.72,4.11,3.49,0.34,3.32,0.2,3.6,0.14,0.02,0.14,38.21,,1.345,0.331,8.8,0.3,3.3,3.6,1.08,1.2
1942,28,319,28.8,4.17,3.54,2883,0.46,0.47,0.07,0.07,0.07,8.89,8.6,4.17,3.49,0.37,3.34,0.22,3.54,0.14,0.02,0.15,32.58,,1.344,0.27,8.7,0.4,3.4,3.6,1.06,0.94
1941,28,330,28.8,4.52,3.9,2868,0.49,0.45,0.07,0.07,0.08,8.84,8.96,4.52,3.83,0.46,3.45,0.25,3.61,0.13,0.01,0.18,33.64,,1.403,0.28,9.1,0.5,3.5,3.7,1.05,0.97
1940,29,344,28.4,4.75,4.16,2896,0.48,0.45,0.05,0.05,0.09,8.82,9.22,4.75,4.07,0.54,3.31,0.23,3.77,0.15,0.02,0.17,33.12,,1.42,0.284,9.4,0.6,3.4,3.8,1.14,0.98
1939,30,330,28.6,4.86,4.27,2841,0.51,0.43,0.05,0.05,0.09,8.81,9.39,4.86,4.18,0.51,3.37,0.21,3.56,0.15,0.02,0.16,33.76,,1.449,0.29,9.6,0.5,3.4,3.6,1.06,1
1938,30,348,28.1,4.96,4.3,2927,0.54,0.45,0.05,0.05,0.08,8.77,9.4,4.96,4.19,0.57,3.45,0.2,3.61,0.15,0.02,0.16,38.63,,1.465,0.343,9.6,0.6,3.5,3.7,1.05,1.23
1937,30,338,28.2,4.99,4.34,2965,0.53,0.47,0.05,0.06,0.08,8.77,9.53,4.99,4.23,0.55,3.32,0.2,3.81,0.14,0.01,0.15,38.57,,1.465,0.353,9.8,0.6,3.4,3.9,1.15,1.24
1936,23,268,28.5,5.24,4.55,2784,0.5,0.44,0.05,0.05,0.09,8.86,9.99,5.24,4.49,0.55,3.38,0.2,3.43,0.17,0.01,0.2,39.38,,1.509,0.337,10.1,0.6,3.4,3.5,1.01,1.23
1935,24,275,28,5.04,4.34,2830,0.48,0.46,0.06,0.06,0.08,8.86,9.8,5.04,4.28,0.54,3.2,0.18,3.4,0.16,0.01,0.16,39.05,,1.467,0.34,10,0.5,3.2,3.4,1.06,1.24
1934,24,263,28.4,4.89,4.26,2744,0.51,0.46,0.06,0.06,0.09,8.82,9.69,4.89,4.18,0.52,3.16,0.17,3.57,0.14,0.01,0.16,38.75,,1.456,0.33,9.9,0.5,3.2,3.6,1.13,1.16
1933,25,242,29,4.55,3.85,2734,0.49,0.48,0.06,0.07,0.08,8.9,9.35,4.55,3.81,0.43,2.94,0.13,3.19,0.16,0.01,0.15,38.5,,1.381,0.318,9.5,0.4,3,3.2,1.09,1.19
1932,34,333,27.7,4.88,4.11,3045,0.47,0.49,0.05,0.05,0.07,8.88,9.59,4.88,4.05,0.47,2.97,0.12,3.33,0.16,0.01,0.13,35.24,,1.414,0.324,9.7,0.5,3,3.4,1.12,1.12
1931,22,242,28.7,4.84,4.13,2678,0.51,0.49,0.05,0.06,0.08,8.87,9.68,4.84,4.07,0.43,3.11,0.14,3.29,0.16,0.02,0.14,38.84,,1.442,0.319,9.8,0.4,3.2,3.3,1.06,1.26
1930,25,273,27.9,5.51,4.8,3043,0.45,0.47,0.04,0.04,0.08,8.81,10.18,5.51,4.7,0.51,3.04,0.09,3.38,0.16,0.01,0.14,31.95,,1.501,0.306,10.4,0.5,3.1,3.5,1.11,1
1929,29,325,28.7,5.31,4.54,3391,0.43,0.51,0.05,0.05,0.08,8.78,9.91,5.31,4.43,0.46,3.22,0.1,3.08,0.18,0.01,0.13,33.21,,1.494,0.349,10.2,0.5,3.3,3.2,0.96,1.11
1928,29,321,28.5,4.83,4.07,3235,0.4,0.51,0.05,0.05,0.08,8.86,9.59,4.83,4.01,0.44,2.98,0.1,3.08,0.23,0.01,0.11,38.57,,1.418,0.381,9.7,0.5,3,3.1,1.03,1.35
1927,31,337,28.3,4.84,4.02,3553,0.4,0.52,0.05,0.05,0.07,8.83,9.57,4.84,3.94,0.32,2.98,,3.04,0.21,0.01,0.13,31.49,,1.422,0.345,9.8,0.3,3,3.1,1.02,1.13
1926,32,335,27.8,4.83,4.07,3422,0.46,0.5,0.05,0.05,0.08,8.79,9.42,4.83,3.97,0.39,3.15,,3.06,0.25,0.02,0.12,38.34,,1.429,0.4,9.6,0.4,3.2,3.1,0.97,1.44
1925,32,349,27.7,5.24,4.56,3502,0.36,0.5,0.04,0.04,0.06,8.83,9.94,5.24,4.47,0.33,3.09,,2.96,0.19,0.01,0.13,38.89,,1.475,0.303,10.1,0.3,3.2,3,0.96,0.94
1924,33,357,27.1,4.9,4.1,3431,0.44,0.51,0.05,0.05,0.06,8.84,9.68,4.9,4.03,0.31,2.9,,3.06,0.25,0.02,0.13,33.65,,1.424,0.359,9.9,0.3,3,3.1,1.05,1.2
1923,30,330,27.5,4.99,4.05,3300,0.45,0.52,0.05,0.05,0.07,8.88,9.73,4.99,4,0.41,3.01,,3.04,0.25,0.01,0.14,38.8,,1.435,0.394,9.9,0.4,3.1,3.1,1.01,1.38
1922,24,269,27.4,4.99,4.15,3040,0.41,0.52,0.06,0.06,0.06,8.89,9.84,4.99,4.1,0.42,2.9,,3.07,0.26,0.02,0.15,38.77,,1.433,0.366,10,0.4,2.9,3.1,1.06,1.42
1921,24,280,27.1,4.88,3.99,3131,0.38,0.55,0.05,0.05,0.07,8.9,9.79,4.88,3.95,0.36,2.76,,3.1,0.27,0.02,0.13,38.61,,1.41,0.378,9.9,0.4,2.8,3.1,1.12,1.56
1920,24,276,27,4.4,3.47,2982,0.36,0.58,0.07,0.07,0.06,8.99,9.26,4.4,3.46,0.24,2.82,,3.16,0.24,0.02,0.16,37.73,,1.344,0.348,9.3,0.2,2.8,3.2,1.12,1.52
1919,16,197,27.6,3.87,3.07,2236,0.42,0.58,0.08,0.09,0.04,8.99,8.77,3.87,3.06,0.2,2.67,,3.07,0.24,0.02,0.17,37,,1.272,0.282,8.8,0.2,2.7,3.1,1.15,1.42
1918,16,203,27.2,3.63,2.77,2032,0.37,0.63,0.1,0.1,0.06,9.05,8.4,3.63,2.78,0.12,2.82,,2.89,0.23,0.01,0.15,37.27,,1.239,0.273,8.3,0.1,2.8,2.9,1.03,1.51
1917,16,175,26.7,3.58,2.68,2494,0.45,0.55,0.1,0.1,0.07,9.02,8.16,3.58,2.69,0.13,2.76,,3.46,0.23,0.02,0.17,36.53,,1.21,0.272,8.1,0.1,2.8,3.5,1.25,1.5
1916,16,187,26.6,3.56,2.72,2494,0.47,0.53,0.09,0.1,0.07,9.03,8.14,3.56,2.73,0.15,2.84,,3.82,0.25,0.02,0.2,36.48,,1.217,0.274,8.1,0.2,2.8,3.8,1.34,1.52
1915,24,285,26.7,3.81,2.9,3728,0.45,0.55,0.09,0.1,0.06,8.94,8.17,3.81,2.88,0.17,2.98,,3.79,0.27,0.02,0.2,36.34,,1.248,0.277,8.2,0.2,3,3.8,1.27,1.58
1914,24,264,26.5,3.87,2.91,3758,0.45,0.55,0.09,0.09,0.06,8.92,8.28,3.87,2.88,0.19,2.97,,3.98,0.27,0.01,0.21,36.4,,1.261,0.279,8.4,0.2,3,4,1.34,1.71
1913,16,229,26.3,4.04,3.07,2468,0.46,0.53,0.08,0.08,0.07,8.94,8.52,4.04,3.05,0.19,2.97,,3.83,0.28,0.02,0.21,37.12,,1.285,0.284,8.6,0.2,3,3.9,1.29,1.64
1912,16,238,26.5,4.52,3.37,2464,0.41,0.58,0.06,0.07,0.05,8.88,8.92,4.52,3.32,0.18,3.11,,3.97,0.29,0.02,0.23,37.22,,1.355,0.3,9,0.2,3.2,4,1.28,1.81
1911,16,213,26.8,4.51,3.36,2474,0.42,0.58,0.07,0.07,0.06,8.91,8.85,4.51,3.33,0.21,3.2,,4,0.34,0.02,0.22,37,,1.352,0.297,8.9,0.2,3.2,4,1.25,1.83
1910,16,202,27.1,3.84,2.77,2498,0.38,0.62,0.09,0.1,0.05,8.96,8.14,3.84,2.76,0.14,3,,3.88,0.32,0.01,0.22,35.97,,1.243,0.279,8.2,0.1,3,3.9,1.3,1.78
1909,16,203,27,3.55,2.53,2482,0.35,0.65,0.11,0.11,0.05,8.95,7.91,3.55,2.52,0.1,2.68,,3.77,0.31,0.02,0.23,35.69,,1.184,0.272,8,0.1,2.7,3.8,1.4,1.81
1908,16,172,27.9,3.38,2.37,2488,0.33,0.67,0.12,0.12,0.04,8.97,7.73,3.38,2.36,0.11,2.46,,3.66,0.31,0.01,0.19,35.71,,1.137,0.267,7.8,0.1,2.5,3.7,1.49,1.7
1907,16,161,28.1,3.53,2.5,2466,0.26,0.74,0.11,0.12,0.04,8.85,7.97,3.53,2.46,0.1,2.56,,3.53,0.31,0.01,0.19,35.48,,1.19,0.326,8.1,0.1,2.6,3.6,1.38,1.72
1906,16,155,27.9,3.62,2.66,2454,0.22,0.78,0.11,0.12,0.04,8.85,8.03,3.62,2.61,0.11,2.55,,3.71,0.31,0.01,0.19,35.5,,1.196,0.316,8.2,0.1,2.6,3.8,1.45,1.73
1905,16,144,27.6,3.9,2.82,2474,0.2,0.8,0.09,0.09,0.02,8.88,8.17,3.9,2.78,0.14,2.54,,3.87,0.34,0.01,0.22,35.96,,1.205,0.315,8.3,0.1,2.6,3.9,1.53,1.83
1904,16,129,27.5,3.73,2.66,2496,0.12,0.88,0.1,0.1,0.02,8.81,8.16,3.73,2.61,0.13,2.3,,3.73,0.32,0.02,0.2,36.07,,1.186,0.297,8.3,0.1,2.3,3.8,1.62,1.88
1903,16,141,27.2,4.44,3.11,2228,0.14,0.86,0.07,0.08,0.02,8.82,8.87,4.44,3.05,0.15,2.44,,3.58,0.34,0.01,0.2,36.64,,1.284,0.32,9.1,0.2,2.5,3.6,1.46,2.1
1902,16,160,26.6,4.44,3.17,2230,0.12,0.88,0.07,0.07,0.01,8.85,9.13,4.44,3.12,0.16,2.44,,2.98,0.35,0.01,0.18,37.02,,1.307,0.339,9.3,0.2,2.5,3,1.22,2.13
1901,16,139,26.4,4.99,3.49,2218,0.14,0.86,0.06,0.06,0.02,8.81,9.45,4.99,3.41,0.21,2.46,,3.15,0.39,0.01,0.21,37.65,,1.352,0.352,9.7,0.2,2.5,3.2,1.28,2.4
1900,8,70,27.1,5.22,3.69,1136,0.18,0.82,0.06,0.06,0.01,8.73,9.62,5.22,3.58,0.22,2.67,,2.37,0.47,0.01,0.19,37.61,,1.408,,9.9,0.2,2.8,2.4,0.89,2.43
1899,12,119,26.3,5.25,3.85,1842,0.14,0.86,0.05,0.05,0.02,8.63,9.63,5.25,3.69,0.19,2.7,,2.1,0.49,0.03,0.2,37.36,,1.43,,10,0.2,2.8,2.2,0.78,2.42
1898,12,113,25.8,4.96,3.6,1840,0.13,0.87,0.05,0.05,0.01,8.67,9.21,4.96,3.47,0.16,2.77,,2.31,0.48,0.01,0.21,37.34,,1.382,,9.6,0.2,2.9,2.4,0.83,2.38
1897,12,98,25.6,5.91,4.3,1614,0.16,0.84,0.03,0.03,0.02,8.68,10.24,5.91,4.15,0.23,2.93,,2.31,0.46,0,0.25,38.54,,1.518,,10.6,0.2,3,2.4,0.79,2.5
1896,12,108,25.8,6.04,4.36,1584,0.18,0.82,0.03,0.04,0.02,8.69,10.19,6.04,4.21,0.26,3.06,,2.22,0.4,0,0.26,38.6,,1.526,,10.6,0.3,3.2,2.3,0.73,2.58
1895,12,105,25.4,6.6,4.77,1594,0.19,0.81,0.03,0.03,0.03,8.66,10.56,6.6,4.59,0.31,3.21,,2.27,0.42,0,0.25,39.29,,1.59,,11,0.3,3.3,2.4,0.71,2.9
1894,12,115,25.3,7.39,5.33,1596,0.19,0.81,0.02,0.02,0.02,8.67,11.16,7.39,5.13,0.39,3.68,,2.09,0.38,0,0.31,40.17,,1.712,,11.6,0.4,3.8,2.2,0.57,3.04
1893,12,98,25.2,6.57,4.66,1570,0.18,0.82,0.03,0.03,0.02,8.83,10.14,6.57,4.57,0.29,3.91,,2.13,0.41,0,0.33,40.59,,1.591,,10.3,0.3,4,2.2,0.54,2.92
1892,12,92,25.3,5.11,3.28,1836,0.12,0.88,0.05,0.05,0.01,8.77,8.52,5.11,3.2,0.23,3.36,,3.26,0.31,0,0.33,38.5,,1.355,,8.7,0.2,3.5,3.3,0.97,3.04
1891,17,126,24.7,5.7,3.53,2216,0.14,0.86,0.04,0.04,0.02,8.78,8.89,5.7,3.44,0.26,3.63,,3.45,0.44,0,0.46,39.15,,1.426,,9.1,0.3,3.7,3.5,0.95,3.18
1890,25,186,24.6,6.02,3.88,3218,0.11,0.89,0.04,0.04,0.01,8.75,9.15,6.02,3.78,0.24,3.64,,3.4,0.42,0.01,0.5,39.31,,1.461,,9.4,0.2,3.7,3.5,0.93,3.32
1889,16,122,24.6,5.97,3.93,2176,0.11,0.89,0.04,0.04,0.02,8.74,9.24,5.97,3.82,0.31,3.36,,3.53,0.36,0,0.52,38.84,,1.442,,9.5,0.3,3.5,3.6,1.05,3.43
1888,16,117,24.2,4.88,2.95,2180,0.04,0.96,0.07,0.07,0.01,8.84,8.26,4.88,2.89,0.24,2.17,,3.78,0.38,0,0.61,37.18,,1.18,,8.4,0.2,2.2,3.8,1.74,3.45
1887,16,130,24.4,6.35,4.17,2112,0.04,0.96,0.03,0.03,0.01,8.7,9.58,6.35,4.03,0.29,2.87,,2.8,0.36,0,0.61,38.55,,1.43,,9.9,0.3,3,2.9,0.98,3.82
1886,16,131,24.9,5.49,3.37,2098,0.04,0.96,0.05,0.05,0.01,8.71,8.57,5.49,3.26,0.2,2.66,,4.31,0.15,0,0.7,37.64,,1.288,,8.8,0.2,2.7,4.5,1.62,3.78
1885,16,108,24.6,5.22,3.03,1780,0.04,0.96,0.06,0.06,0.01,8.83,8.6,5.22,2.98,0.18,1.98,,3.77,0.19,0.02,0.68,37.42,,1.198,,8.8,0.2,2,3.8,1.9,3.94
1884,33,204,24.2,5.45,3.11,3074,0.06,0.94,0.06,0.06,0.01,8.77,8.65,5.45,3.03,0.22,1.61,,4.83,0.15,0,0.71,37.54,,1.17,,8.9,0.2,1.7,5,3,4.73
1883,16,86,25.2,5.75,3.22,1570,0.08,0.92,0.05,0.05,0.01,8.84,9.44,5.75,3.16,0.15,1.48,,3.37,,0,0.5,38.24,,1.236,,9.6,0.2,1.5,3.4,2.27,4.88
1882,14,69,25.3,5.33,2.8,1142,0.05,0.95,0.06,0.06,0,8.89,9.05,5.33,2.77,0.16,1.39,,2.93,,0,0.52,37.94,,1.175,,9.2,0.2,1.4,3,2.1,4.76
1881,8,29,23.6,5.1,2.77,672,0.06,0.94,0.08,0.08,0,8.91,9.42,5.1,2.75,0.11,1.54,,2.65,,0.01,0.51,37.81,,1.23,,9.5,0.1,1.6,2.7,1.72,4.14
1880,8,32,22.7,4.69,2.37,680,0.11,0.89,0.07,0.08,0.02,8.87,8.74,4.69,2.34,0.09,1.09,,2.92,,0,0.43,36.83,,1.108,,8.9,0.1,1.1,3,2.69,4.34
1879,8,25,23,5.31,2.5,642,0.05,0.95,0.07,0.07,0,9.03,9.61,5.31,2.5,0.09,0.79,,2.87,,0,0.57,38.42,,1.152,,9.6,0.1,0.8,2.9,3.63,4.87
1878,6,21,22.2,5.17,2.3,368,0.04,0.96,0.07,0.07,0,9.03,9.61,5.17,2.31,0.06,0.99,,2.94,,0,0.64,38.09,,1.174,,9.6,0.1,1,2.9,2.97,4.83
1877,6,19,24.2,5.67,2.81,360,0.09,0.91,0.06,0.06,0.01,9,10.29,5.67,2.81,0.07,0.96,,2.02,,0,0.56,38.91,,1.25,,10.3,0.1,1,2,2.1,5.16
1876,8,34,24.4,5.9,2.31,520,0.09,0.91,0.09,0.09,0.03,9.11,10.27,5.9,2.34,0.08,0.65,,1.13,,0,0.36,39.49,,1.197,,10.1,0.1,0.6,1.1,1.75,6.01
1875,13,42,24.3,6.14,2.23,690,0.1,0.9,0.07,0.07,0.03,8.97,9.87,6.14,2.22,0.06,0.36,,0.98,,0.01,0.48,39.25,,1.141,,9.9,0.1,0.4,1,2.71,6.96
1874,8,17,24.7,7.48,2.19,464,0.05,0.95,0.03,0.03,0.01,8.99,11.26,7.48,2.19,0.09,0.51,,0.77,,0,0.27,41.69,,1.31,,11.3,0.1,0.5,0.8,1.5,8.14
1873,9,25,21.3,8.99,3.4,398,0.09,0.91,0.02,0.02,0.02,9.01,12.38,8.99,3.4,0.12,0.84,,0.7,,0,0.31,43.45,,1.468,,12.4,0.1,0.8,0.7,0.83,8.02
1872,11,21,21.1,9.26,3.65,366,0.11,0.89,0.03,0.03,0.02,8.98,12.2,9.26,3.64,0.1,0.72,,0.72,,0.01,0.55,43.52,,1.439,,12.2,0.1,0.7,0.7,1.01,7.5
1871,9,19,24.3,10.47,4.22,254,0.09,0.91,0.02,0.02,0.02,8.86,12.21,10.47,4.15,0.19,1.55,,0.69,,0.01,0.82,44.15,,1.553,,12.4,0.2,1.6,0.7,0.45,7.61